Product Title,Product Link,Price Category,Price
/collections/accessories/products/red-turtle-reversible-eyemask,Red Turtle Reversible Eyemask,Regular price,$65
/collections/accessories/products/jungle-reversible-eyemask,Jungle Reversible Eyemask,Regular price,$65
/collections/accessories/products/leopard-chain-reversible-eyemask,Leopard Chain Reversible Eyemask,Regular price,$65
/collections/accessories/products/muddy-thorns-reversible-eyemask,Muddy Thorns Reversible Eyemask,Regular price,$65
/collections/accessories/products/blue-snake-reversible-eyemask,Blue Snake Reversible Eyemask,Regular price,$65
/collections/accessories/products/jungle-headband,Jungle Headband,Regular price,$45
/collections/accessories/products/muddy-thorns-headband,Muddy Thorns Headband,Regular price,$45
/collections/accessories/products/leopard-headband,Leopard Headband,Regular price,$45
/collections/accessories/products/blue-snake-scrunchie,Blue Snake Scrunchie,Regular price,$45
/collections/accessories/products/jungle-scrunchie,Jungle Scrunchie,Regular price,$45
/collections/accessories/products/crimson-scrunchie,Crimson Scrunchie,Regular price,$45
/collections/accessories/products/muddy-thorns-pillowcase,Muddy Thorns Pillowcase,Regular price,$145
/collections/accessories/products/leopard-chain-pillowcase,Leopard Chain Pillowcase,Regular price,$145
/collections/accessories/products/jungle-throw-pillowcase,Jungle Throw Pillowcase,Regular price,$95
/collections/accessories/products/leopard-throw-pillowcase,Leopard Throw Pillowcase,Regular price,$95
/collections/accessories/products/dark-fragrant-night-pillowcase,Dark Fragrant Night Pillowcase,Regular price,$95
/collections/accessories/products/lovers-crane-reversible-facemask,Lovers Crane Reversible Facemask,Regular price,$55
/collections/accessories/products/crimson-reversible-facemask,Crimson Reversible Facemask,Regular price,$55
/collections/accessories/products/leopard-chain-bandana,Leopard Chain Bandana,Regular price,$45
/collections/accessories/products/green-turtle-bandana,Green Turtle Bandana,Regular price,$45
/collections/accessories/products/red-turtle-bandana,Red Turtle Bandana,Regular price,$45
/collections/accessories/products/black-leaves-reversible-bucket-hat,Black Leaves Reversible Bucket Hat,Regular price,$135
/collections/accessories/products/reversible-bucket-hat,Reversible Bucket Hat,Regular price,$135
/collections/accessories/products/purple-haze-velcro-trifold-wallet,Purple Haze Velcro Trifold Wallet,Regular price,$45
/collections/mens/products/leopard-chain-camp-collar-shirt,Leopard Chain Camp Collar Shirt,Regular price,$295
/collections/mens/products/green-turtle-button-up-shirt,Green Turtle Button Up Shirt,Regular price,$295
/collections/mens/products/black-night-camp-collar-shirt,Black Night Camp Collar Shirt,Regular price,$295
/collections/mens/products/leopard-long-sleeve-camp-collar,Leopard Long Sleeve Camp Collar,Regular price,$325
/collections/mens/products/red-clouds-spaghetti-crop-top,Red Clouds Spaghetti Crop Top,Regular price,$135
/collections/mens/products/green-turtle-cropped-camp-collar-shirt,Green Turtle Cropped Camp Collar Shirt,Regular price,$275
/collections/mens/products/candy-stripe-cropped-camp-collar-shirt,Candy Stripe Cropped Camp Collar Shirt,Regular price,$275
/collections/mens/products/green-turtle-spaghetti-crop-top,Green Turtle Spaghetti Crop Top,Regular price,$135
/collections/intimates/products/tan-clouds-t-shirt-dress,Tan Clouds T-Shirt Dress,Regular price,$345
/collections/intimates/products/red-clouds-t-shirt-dress,Red Clouds T-Shirt Dress,Regular price,$345
/collections/intimates/products/leopard-chain-romper,Leopard Chain Romper,Regular price,$245
/collections/intimates/products/green-turtle-long-wrap-skirt,Green Turtle Long Wrap Skirt,Regular price,$245
/collections/intimates/products/red-clouds-halter-dress,Red Clouds Bias Cut Dress,Regular price,$395
/collections/intimates/products/black-boxer-briefs,Black Boxer Briefs,Regular price,$115
/collections/intimates/products/hemp-cotton-waffle-lounge-pant,Hemp/Cotton Waffle Lounge Pant,Regular price,$245
/collections/intimates/products/leopard-chain-short-robe-1,Leopard Chain Short Robe,Regular price,$495
/collections/intimates/products/red-clouds-long-robe,Red Clouds Long Robe,Regular price,$795
/collections/intimates/products/red-clouds-spaghetti-crop-top,Red Clouds Spaghetti Crop Top,Regular price,$135
/collections/intimates/products/green-turtle-spaghetti-crop-top,Green Turtle Spaghetti Crop Top,Regular price,$135
/collections/intimates/products/red-sports-bra,Red Organic Hemp/Cotton Sports Bra,Regular price,$115
/collections/intimates/products/green-turtle-cropped-camp-collar-shirt,Green Turtle Cropped Camp Collar Shirt,Regular price,$275
/collections/intimates/products/candy-stripe-cropped-camp-collar-shirt,Candy Stripe Cropped Camp Collar Shirt,Regular price,$275
/collections/intimates/products/green-clouds-cropped-camp-collar-shirt,Green Clouds Cropped Camp Collar Shirt,Regular price,$275
/collections/intimates/products/black-night-cropped-camp-collar-shirt,Black Night Cropped Camp Collar Shirt,Regular price,$275
/collections/intimates/products/red-clouds-cropped-camp-collar-shirt,Red Clouds Cropped Camp Collar Shirt,Regular price,$275
/collections/intimates/products/black-boxer-briefs-1,Black Boxer Briefs,Regular price,$115
/collections/intimates/products/leopard-chain-short-robe,Leopard Chain Short Robe,Regular price,$495
/collections/intimates/products/red-clouds-long-robe-1,Red Clouds Long Robe,Regular price,$795
/collections/intimates/products/candy-stripe-lounge-pant,Candy Stripe Lounge Pant,Regular price,$325
/collections/intimates/products/tan-clouds-lounge-pant,Tan Clouds Lounge Pant,Regular price,$325
/collections/intimates/products/red-clouds-lounge-pant,Red Clouds Lounge Pant,Regular price,$325
/collections/intimates/products/green-turtle-button-up-shirt,Green Turtle Button Up Shirt,Regular price,$295
/collections/mens-1/products/leopard-chain-camp-collar-shirt,Leopard Chain Camp Collar Shirt,Regular price,$295
/collections/mens-1/products/green-turtle-camp-collar-shirt-1,Green Turtle Camp Collar Shirt,Regular price,$295
/collections/mens-1/products/black-night-camp-collar-shirt,Black Night Camp Collar Shirt,Regular price,$295
/collections/mens-1/products/candy-stripe-camp-collar-shirt,Candy Stripe Camp Collar Shirt,Regular price,$295
/collections/mens-1/products/tan-clouds-camp-collar-shirt,Tan Clouds Camp Collar Shirt,Regular price,$295
/collections/mens-1/products/red-clouds-camp-collar-shirt,Red Clouds Camp Collar Shirt,Regular price,$295
/collections/mens-1/products/green-turtle-button-up-shirt,Green Turtle Button Up Shirt,Regular price,$295
/collections/mens-1/products/candy-stripe-button-up-shirt,Candy Stripe Button Up Shirt,Regular price,$295
/collections/mens-1/products/red-clouds-half-half-camp-collar,Red Clouds Half + Half Camp Collar,Regular price,$315
/collections/mens-1/products/leopard-long-sleeve-camp-collar,Leopard Long Sleeve Camp Collar,Regular price,$325
/collections/mens-1/products/green-clouds-long-sleeve,Green Clouds Long Sleeve,Regular price,$325
/collections/mens-1/products/green-organic-hemp-cotton-long-sleeve,Green Organic Hemp/Cotton Long Sleeve,Regular price,$135
/collections/mens-1/products/mountain-reversible-vest-jacket,Mountain Reversible Vest Jacket,Regular price,$525
/collections/mens-1/products/tan-clouds-lounge-pant,Tan Clouds Lounge Pant,Regular price,$325
/collections/mens-1/products/candy-stripe-lounge-pant,Candy Stripe Lounge Pant,Regular price,$325
/collections/mens-1/products/red-clouds-lounge-pant,Red Clouds Lounge Pant,Regular price,$325
/collections/mens-1/products/leopard-chain-lounge-short-1,Leopard Chain Lounge Short,Regular price,$225
/collections/mens-1/products/black-clouds-piped-lounge-short,Black Clouds Piped Lounge Short,Regular price,$235
/collections/mens-1/products/hemp-cotton-waffle-lounge-pant-1,Hemp/Cotton Waffle Lounge Pant,Regular price,$245
/collections/mens-1/products/red-clouds-long-robe-1,Red Clouds Long Robe,Regular price,$795
/collections/mens-1/products/copy-of-black-dahlia-camp-collar-shirt,Peachy Organic Hemp/Cotton Waffle Undershirt,Regular price,$75
/collections/mens-1/products/copy-of-peachy-organic-hemp-cotton-waffle-undershirt-1,Gold Organic Hemp/Cotton Waffle Undershirt,Regular price,$75
/collections/mens-1/products/copy-of-tan-organic-hemp-cotton-waffle-undershirt,Natural Organic Hemp/Cotton Waffle Undershirt,Regular price,$75
/collections/mens-1/products/copy-of-peachy-organic-hemp-cotton-waffle-undershirt,Tan Organic Hemp/Cotton Waffle Undershirt,Regular price,$75
/collections/ugo-mozie-x-ziran/products/ugo-long-sleeve-button-up,Ugo Long Sleeve Button Up,Regular price,$395
/collections/ugo-mozie-x-ziran/products/ugo-lounge-pant,Ugo Lounge Pant,Regular price,$425
/collections/ugo-mozie-x-ziran/products/copy-of-ugo-safari-jacket,Ugo Safari Jacket,Regular price,$595
/collections/ugo-mozie-x-ziran/products/ugo-long-sleeve-tunic,Ugo Long Sleeve Tunic,Regular price,$375
/collections/ugo-mozie-x-ziran/products/ugo-short-sleeve-camp-collar,Ugo Short Sleeve Camp Collar,Regular price,$315
/collections/ugo-mozie-x-ziran/products/copy-of-ugo-safari-pant,Ugo Safari Pant,Regular price,$695
/collections/ugo-mozie-x-ziran/products/ugo-safari-jacket,Ugo Safari Jacket,Regular price,$595
/collections/ugo-mozie-x-ziran/products/ugo-safari-pant,Ugo Safari Pant,Regular price,$695
/collections/womens/products/green-turtle-spaghetti-crop-top,Green Turtle Spaghetti Crop Top,Regular price,$135
/collections/womens/products/red-clouds-spaghetti-crop-top,Red Clouds Spaghetti Crop Top,Regular price,$135
/collections/womens/products/candy-stripe-cropped-camp-collar-shirt,Candy Stripe Cropped Camp Collar Shirt,Regular price,$275
/collections/womens/products/green-turtle-cropped-camp-collar-shirt,Green Turtle Cropped Camp Collar Shirt,Regular price,$275
/collections/womens/products/red-clouds-cropped-camp-collar-shirt,Red Clouds Cropped Camp Collar Shirt,Regular price,$275
/collections/womens/products/black-night-cropped-camp-collar-shirt,Black Night Cropped Camp Collar Shirt,Regular price,$275
/collections/womens/products/green-clouds-cropped-camp-collar-shirt,Green Clouds Cropped Camp Collar Shirt,Regular price,$275
/collections/womens/products/copy-of-tan-organic-hemp-cotton-waffle-undershirt-1,Peachy Organic Hemp/Cotton Waffle Undershirt,Regular price,$75
/collections/womens/products/copy-of-peachy-organic-hemp-cotton-waffle-undershirt-2,Natural Organic Hemp/Cotton Waffle Undershirt,Regular price,$75
/collections/womens/products/copy-of-gold-organic-hemp-cotton-waffle-undershirt,Tan Organic Hemp/Cotton Waffle Undershirt,Regular price,$75
/collections/womens/products/copy-of-black-dahlia-tube-top,Brown Sugar Tube Top,Regular price,$95
/collections/womens/products/black-dahlia-tube-top,Black Dahlia Tube Top,Regular price,$95
/collections/womens/products/copy-of-black-cami-1,Magical Tiger Cami,Regular price,$145
/collections/womens/products/copy-of-black-cami,Mountain Long Sleeve,Regular price,$245
/collections/womens/products/blackdahlialongsleeve,Black Dahlia Long Sleeve,Regular price,$245
/collections/womens/products/leopardcroppedcampcollar,Leopard Cropped Camp Collar Shirt,Regular price,$275
/collections/womens/products/copy-of-black-dahlia-cropped-camp-collar-shirt-1,Mountain Cropped Camp Collar Shirt,Regular price,$275
/collections/womens/products/cropped-marigold-camp-collar-shirt,Marigold Cropped Camp Collar Shirt,Regular price,$275
/collections/womens/products/blackdahliacroppedcampcollar,Black Dahlia Cropped Camp Collar Shirt,Regular price,$275
/collections/womens/products/copy-of-leopard-cropped-camp-collar-shirt,Verdant Crane and Leopard Half + Half Cropped Camp Collar,Regular price,$295
/collections/womens/products/copy-of-verdant-crane-and-leopard-half-half-cropped-camp-collar,Floral Bouquet Half + Half Cropped Camp Collar,Regular price,$295
/collections/womens/products/copy-of-floral-bouquet-half-half-cropped-camp-collar-1,Black Dahlia Half + Half Cropped Camp Collar,Regular price,$295
/collections/womens/products/womensmountainchoreovershirt,Mountain Chore Overshirt,Regular price,$415
/collections/womens/products/copy-of-ugo-safari-jacket,Ugo Safari Jacket,Regular price,$595
